threshold,precision,recall
0.0,0.9166666666666666,0.9166666666666666
0.01,0.9166666666666666,0.9166666666666666
0.02,0.9166666666666666,0.9166666666666666
0.03,0.9166666666666666,0.9166666666666666
0.04,0.9166666666666666,0.9166666666666666
0.05,0.9166666666666666,0.9166666666666666
0.06,0.9166666666666666,0.9166666666666666
0.07,0.9166666666666666,0.9166666666666666
0.08,0.9166666666666666,0.9166666666666666
0.09,0.9166666666666666,0.9166666666666666
0.1,0.9166666666666666,0.9166666666666666
0.11,0.9166666666666666,0.9166666666666666
0.12,0.9166666666666666,0.9166666666666666
0.13,0.9166666666666666,0.9166666666666666
0.14,0.9166666666666666,0.9166666666666666
0.15,0.9166666666666666,0.9166666666666666
0.16,0.9166666666666666,0.9166666666666666
0.17,0.9166666666666666,0.9166666666666666
0.18,0.9166666666666666,0.9166666666666666
0.19,0.9166666666666666,0.9166666666666666
0.2,0.9166666666666666,0.9166666666666666
0.21,0.9166666666666666,0.9166666666666666
0.22,0.9166666666666666,0.9166666666666666
0.23,0.9166666666666666,0.9166666666666666
0.24,0.9166666666666666,0.9166666666666666
0.25,0.9166666666666666,0.9166666666666666
0.26,0.9166666666666666,0.9166666666666666
0.27,0.9166666666666666,0.9166666666666666
0.28,0.9166666666666666,0.9166666666666666
0.29,0.9166666666666666,0.9166666666666666
0.3,0.9166666666666666,0.9166666666666666
0.31,0.9166666666666666,0.9166666666666666
0.32,0.9166666666666666,0.9166666666666666
0.33,1.0,0.9166666666666666
0.34,1.0,0.9166666666666666
0.35000000000000003,1.0,0.9166666666666666
0.36,1.0,0.9166666666666666
0.37,1.0,0.9166666666666666
0.38,1.0,0.9166666666666666
0.39,1.0,0.9166666666666666
0.4,1.0,0.9166666666666666
0.41000000000000003,1.0,0.9166666666666666
0.42,1.0,0.9166666666666666
0.43,1.0,0.9166666666666666
0.44,1.0,0.9166666666666666
0.45,1.0,0.9166666666666666
0.46,1.0,0.9166666666666666
0.47000000000000003,1.0,0.9166666666666666
0.48,1.0,0.9166666666666666
0.49,1.0,0.9166666666666666
0.5,1.0,0.9166666666666666
0.51,1.0,0.9166666666666666
0.52,1.0,0.9166666666666666
0.53,1.0,0.9166666666666666
0.54,1.0,0.9166666666666666
0.55,1.0,0.9166666666666666
0.56,1.0,0.9166666666666666
0.5700000000000001,1.0,0.9166666666666666
0.58,1.0,0.9166666666666666
0.59,1.0,0.9166666666666666
0.6,1.0,0.9166666666666666
0.61,1.0,0.9166666666666666
0.62,1.0,0.9166666666666666
0.63,1.0,0.9166666666666666
0.64,1.0,0.8333333333333334
0.65,1.0,0.6666666666666666
0.66,1.0,0.6666666666666666
0.67,1.0,0.6666666666666666
0.68,1.0,0.6666666666666666
0.6900000000000001,1.0,0.6666666666666666
0.7000000000000001,1.0,0.6666666666666666
0.71,1.0,0.6666666666666666
0.72,1.0,0.6666666666666666
0.73,1.0,0.5
0.74,1.0,0.5
0.75,1.0,0.5
0.76,1.0,0.3333333333333333
0.77,1.0,0.3333333333333333
0.78,1.0,0.3333333333333333
0.79,1.0,0.3333333333333333
0.8,1.0,0.3333333333333333
0.81,1.0,0.16666666666666666
0.8200000000000001,1.0,0.08333333333333333
0.8300000000000001,,0.0
0.84,,0.0
0.85,,0.0
0.86,,0.0
0.87,,0.0
0.88,,0.0
0.89,,0.0
0.9,,0.0
0.91,,0.0
0.92,,0.0
0.93,,0.0
0.9400000000000001,,0.0
0.9500000000000001,,0.0
0.96,,0.0
0.97,,0.0
0.98,,0.0
0.99,,0.0
1.0,,0.0
